policy,replication,seed,avg_lead_time,avg_total_wait,reach_truck_utilization,throughput_orders_per_day,throughput_orders_per_hr,avg_op_queue_wait,avg_rt_queue_wait,avg_prep_time,p95_lead_time,avg_walk_distance,operator_utilization,kardex_utilization,orders_started,orders_completed,orders_total,orders_with_no_locations
Baseline (Heuristic),0,42,10.442618,6.141810,0.201489,374.974359,46.871795,6.139550,0.002260,4.303068,30.050884,105.874766,0.416170,0.085047,1935,1828,1866,0
Baseline (Heuristic),1,43,12.763211,8.535036,0.223633,429.948718,53.743590,8.534032,0.001004,4.229179,35.061406,105.362795,0.474113,0.097708,2168,2096,2168,0
Baseline (Heuristic),2,44,12.371394,8.363319,0.195402,392.205128,49.025641,8.362903,0.000417,4.008491,34.714117,100.593444,0.425511,0.092581,2080,1912,2045,0
Baseline (Heuristic),3,45,17.015111,12.832345,0.191196,369.025641,46.128205,12.831380,0.000966,4.183731,46.486661,103.365168,0.403709,0.086905,1858,1799,1858,0
Baseline (Heuristic),4,46,18.778677,14.428573,0.273987,492.102564,61.512821,14.426315,0.002258,4.352362,51.534221,105.252980,0.554991,0.113118,2524,2399,2472,0
Baseline (Heuristic),5,47,27.173677,23.058318,0.280051,558.974359,69.871795,23.056375,0.001943,4.117301,109.764137,102.232194,0.594448,0.124760,2764,2725,2764,0
Baseline (Heuristic),6,48,18.270884,14.135491,0.198990,391.589744,48.948718,14.133743,0.001748,4.137141,64.568698,102.333952,0.423315,0.087478,1983,1909,1978,0
Baseline (Heuristic),7,49,15.390795,11.212568,0.254788,488.615385,61.076923,11.211606,0.000963,4.179189,45.826550,103.250277,0.531977,0.108428,2455,2382,2455,0
Baseline (Heuristic),8,50,9.883243,5.860135,0.163840,337.025641,42.128205,5.859897,0.000238,4.023346,24.521786,99.921463,0.349744,0.074375,1663,1643,1663,0
Baseline (Heuristic),9,51,20.418811,16.422750,0.200515,423.794872,52.974359,16.421939,0.000811,3.996871,56.886586,99.928065,0.433822,0.092275,2081,2066,2081,0
Baseline (Heuristic),10,52,15.941574,11.636939,0.236944,440.410256,55.051282,11.634589,0.002349,4.306984,46.108999,103.845488,0.483036,0.099344,2157,2147,2156,0
Baseline (Heuristic),11,53,10.753183,6.488602,0.179204,340.102564,42.512821,6.487983,0.000619,4.265200,29.020237,104.274620,0.372909,0.080097,1683,1658,1683,0
Baseline (Heuristic),12,54,12.000995,7.954216,0.193906,387.076923,48.384615,7.952214,0.002003,4.048782,31.144794,100.786510,0.408415,0.084552,1922,1887,1921,0
Baseline (Heuristic),13,55,26.481532,22.402944,0.273563,564.102564,70.512821,22.401547,0.001398,4.079985,61.258732,102.125218,0.596640,0.126501,2797,2750,2797,0
Baseline (Heuristic),14,56,13.505926,9.410724,0.177104,378.666667,47.333333,9.409992,0.000732,4.095934,40.282655,106.315397,0.394251,0.073622,1849,1846,1849,0
Baseline (Heuristic),15,57,11.117339,7.159532,0.183667,385.435897,48.179487,7.158616,0.000916,3.958723,33.738336,99.461306,0.394865,0.083299,1945,1879,1928,0
Baseline (Heuristic),16,58,20.318458,16.197110,0.254437,510.564103,63.820513,16.196406,0.000703,4.122052,56.294280,105.517627,0.551637,0.107311,2570,2489,2569,0
Baseline (Heuristic),17,59,14.623336,10.405142,0.250763,469.948718,58.743590,10.403004,0.002138,4.220333,44.399858,101.947096,0.513741,0.112334,2330,2291,2330,0
Baseline (Heuristic),18,60,17.821209,13.579868,0.244767,454.974359,56.871795,13.578615,0.001253,4.242595,46.833246,102.379333,0.496044,0.105143,2269,2218,2247,0
Baseline (Heuristic),19,61,11.761691,7.565575,0.213175,412.512821,51.564103,7.564466,0.001108,4.197225,32.825887,103.280286,0.443911,0.094151,2055,2011,2037,0
Baseline (Actual SAP),0,42,9.962477,5.836043,0.191717,374.974359,46.871795,5.833739,0.002304,4.128738,27.344570,100.336348,0.399991,0.084999,1935,1828,1866,0
Baseline (Actual SAP),1,43,11.800478,7.855773,0.202987,429.948718,53.743590,7.855378,0.000395,3.945100,33.362795,99.597511,0.445268,0.097337,2168,2096,2168,0
Baseline (Actual SAP),2,44,11.496052,7.616736,0.195482,392.205128,49.025641,7.616387,0.000349,3.879666,31.310506,95.707490,0.414877,0.091227,2080,1912,2056,0
Baseline (Actual SAP),3,45,14.202394,10.266443,0.177410,369.025641,46.128205,10.265269,0.001174,3.937125,35.005078,96.810685,0.381022,0.085106,1858,1799,1858,0
Baseline (Actual SAP),4,46,16.826240,12.739573,0.250938,492.102564,61.512821,12.737313,0.002259,4.088927,48.770164,99.557118,0.523820,0.113640,2524,2399,2486,0
Baseline (Actual SAP),5,47,23.221107,19.341279,0.262831,558.974359,69.871795,19.339882,0.001397,3.881225,91.156876,95.866051,0.560869,0.126033,2764,2725,2764,0
Baseline (Actual SAP),6,48,17.167759,13.204092,0.192153,391.589744,48.948718,13.203562,0.000530,3.964196,60.147844,97.839666,0.407128,0.086193,1983,1909,1977,0
Baseline (Actual SAP),7,49,14.638089,10.586152,0.245688,488.615385,61.076923,10.584718,0.001434,4.053371,42.373279,98.068367,0.514855,0.109123,2455,2382,2454,0
Baseline (Actual SAP),8,50,9.570215,5.677258,0.159398,337.025641,42.128205,5.676466,0.000792,3.893749,23.436922,96.759198,0.338319,0.073697,1663,1643,1662,0
Baseline (Actual SAP),9,51,18.640092,14.801642,0.193796,423.794872,52.974359,14.801015,0.000627,3.839077,50.079091,95.067287,0.417118,0.091306,2081,2066,2081,0
Baseline (Actual SAP),10,52,13.927932,9.903701,0.217818,440.410256,55.051282,9.903045,0.000656,4.024887,40.939627,97.127775,0.451274,0.098649,2157,2147,2155,0
Baseline (Actual SAP),11,53,10.401410,6.310491,0.170178,340.102564,42.512821,6.310095,0.000397,4.091315,29.120309,99.204630,0.357070,0.079647,1683,1658,1683,0
Baseline (Actual SAP),12,54,11.345234,7.451863,0.186959,387.076923,48.384615,7.449940,0.001923,3.895294,29.330826,96.339170,0.391989,0.083292,1922,1887,1921,0
Baseline (Actual SAP),13,55,24.479998,20.472163,0.278450,564.102564,70.512821,20.470552,0.001611,4.009446,57.282065,97.679879,0.584850,0.127727,2797,2750,2797,0
Baseline (Actual SAP),14,56,14.348450,10.312864,0.182332,378.666667,47.333333,10.311030,0.001834,4.037420,47.570114,102.542202,0.388649,0.073000,1849,1846,1849,0
Baseline (Actual SAP),15,57,10.339884,6.539415,0.178553,385.435897,48.179487,6.538486,0.000929,3.801398,29.892329,94.774660,0.380362,0.081810,1945,1879,1928,0
Baseline (Actual SAP),16,58,18.519223,14.590522,0.239627,510.564103,63.820513,14.589816,0.000705,3.929406,50.589511,100.791505,0.526980,0.110043,2570,2489,2570,0
Baseline (Actual SAP),17,59,13.798513,9.735840,0.239293,469.948718,58.743590,9.735123,0.000717,4.063390,43.453693,97.995062,0.493218,0.109123,2330,2291,2330,0
Baseline (Actual SAP),18,60,16.285083,12.229540,0.229067,454.974359,56.871795,12.229019,0.000521,4.056064,42.308663,98.087637,0.473862,0.104288,2269,2218,2246,0
Baseline (Actual SAP),19,61,10.909935,6.980439,0.191115,415.589744,51.948718,6.979265,0.001173,3.930670,29.845522,98.450448,0.419238,0.096135,2055,2026,2052,0
Usage-based ABC,0,42,10.874083,6.475758,0.225125,374.974359,46.871795,6.472301,0.003457,4.401782,30.182194,103.818254,0.425667,0.086929,1935,1828,1865,0
Usage-based ABC,1,43,12.823890,8.620681,0.234262,429.948718,53.743590,8.618704,0.001977,4.205186,35.023735,104.372254,0.473321,0.095198,2168,2096,2168,0
Usage-based ABC,2,44,13.424435,9.237313,0.222527,392.205128,49.025641,9.234856,0.002456,4.189579,36.119585,101.632406,0.444030,0.090250,2080,1912,2043,0
Usage-based ABC,3,45,16.551647,12.352082,0.204928,369.025641,46.128205,12.350465,0.001617,4.201182,43.088001,101.302020,0.406007,0.086684,1858,1799,1858,0
Usage-based ABC,4,46,18.397206,14.034644,0.287655,492.102564,61.512821,14.032665,0.001979,4.364542,51.742634,104.127180,0.557545,0.112576,2524,2399,2473,0
Usage-based ABC,5,47,27.663161,23.495791,0.304034,558.974359,69.871795,23.492540,0.003251,4.170620,108.647843,100.393108,0.602147,0.126352,2764,2725,2764,0
Usage-based ABC,6,48,18.776889,14.610385,0.217671,391.589744,48.948718,14.608719,0.001666,4.168170,65.324595,100.112858,0.427143,0.089545,1983,1909,1976,0
Usage-based ABC,7,49,15.859840,11.574773,0.282687,488.615385,61.076923,11.572161,0.002613,4.287680,45.299790,101.940225,0.546170,0.110294,2455,2382,2455,0
Usage-based ABC,8,50,10.197314,6.128306,0.177851,337.025641,42.128205,6.127062,0.001244,4.070251,25.400473,99.507445,0.354065,0.073486,1663,1643,1663,0
Usage-based ABC,9,51,21.122597,16.960998,0.231612,423.794872,52.974359,16.958951,0.002047,4.163646,57.644110,100.017656,0.452177,0.091914,2081,2066,2081,0
Usage-based ABC,10,52,15.681025,11.378492,0.247355,440.410256,55.051282,11.376437,0.002055,4.304588,44.180354,103.055868,0.482476,0.098552,2157,2147,2155,0
Usage-based ABC,11,53,11.283302,6.990753,0.192378,340.102564,42.512821,6.989930,0.000822,4.293371,30.338799,102.907265,0.375458,0.081270,1683,1658,1683,0
Usage-based ABC,12,54,12.240387,8.117687,0.209196,387.076923,48.384615,8.115336,0.002351,4.125051,32.198223,101.153624,0.416237,0.083281,1922,1887,1921,0
Usage-based ABC,13,55,28.432276,24.235793,0.304797,564.102564,70.512821,24.234225,0.001567,4.198051,67.731187,101.564797,0.613153,0.127409,2797,2750,2797,0
Usage-based ABC,14,56,16.371253,12.135862,0.206431,378.666667,47.333333,12.133621,0.002242,4.237633,53.736246,104.812962,0.407975,0.075503,1849,1846,1849,0
Usage-based ABC,15,57,11.087747,7.075352,0.200836,385.435897,48.179487,7.072901,0.002451,4.014846,31.966682,97.770502,0.400893,0.083152,1945,1879,1928,0
Usage-based ABC,16,58,20.675024,16.463282,0.285944,510.564103,63.820513,16.461433,0.001849,4.213591,56.945263,103.724447,0.564228,0.110238,2570,2489,2570,0
Usage-based ABC,17,59,15.507853,11.170413,0.270559,469.948718,58.743590,11.168534,0.001878,4.339318,48.629037,102.755485,0.527273,0.111109,2330,2291,2330,0
Usage-based ABC,18,60,18.462728,14.191981,0.256916,454.974359,56.871795,14.190481,0.001500,4.272247,47.628731,101.654136,0.499501,0.106415,2269,2218,2248,0
Usage-based ABC,19,61,11.665014,7.511301,0.219317,412.923077,51.615385,7.510706,0.000596,4.154309,32.447180,100.716848,0.439875,0.094405,2055,2013,2039,0
Double ABC,0,42,11.672759,7.050448,0.256657,374.974359,46.871795,7.046550,0.003898,4.626209,32.761377,104.471629,0.447104,0.086357,1935,1828,1865,0
Double ABC,1,43,14.519715,9.994767,0.283486,429.948718,53.743590,9.993456,0.001311,4.526258,39.391441,105.306200,0.509829,0.097905,2168,2096,2168,0
Double ABC,2,44,15.745110,11.339888,0.255101,392.205128,49.025641,11.336190,0.003698,4.408920,41.706778,102.738151,0.467006,0.091756,2080,1912,2041,0
Double ABC,3,45,19.871231,15.331502,0.246411,369.025641,46.128205,15.327720,0.003782,4.543511,55.662136,103.400698,0.437590,0.086083,1858,1799,1858,0
Double ABC,4,46,21.891197,17.224282,0.342357,492.102564,61.512821,17.220135,0.004147,4.671062,64.330595,105.424938,0.593432,0.111314,2524,2399,2462,0
Double ABC,5,47,30.750483,26.371722,0.356029,558.974359,69.871795,26.367748,0.003974,4.382735,119.245390,100.499343,0.633119,0.125938,2764,2725,2764,0
Double ABC,6,48,19.707434,15.335323,0.244845,391.589744,48.948718,15.332877,0.002445,4.374557,68.601597,102.463600,0.447646,0.086975,1983,1909,1970,0
Double ABC,7,49,17.869099,13.321753,0.328979,488.615385,61.076923,13.317968,0.003785,4.551132,50.650408,103.664246,0.579745,0.110189,2455,2382,2454,0
Double ABC,8,50,11.246735,6.923446,0.205267,337.025641,42.128205,6.922166,0.001280,4.324569,27.721866,100.802436,0.375618,0.074700,1663,1643,1663,0
Double ABC,9,51,22.820538,18.467158,0.265043,423.794872,52.974359,18.464515,0.002643,4.356023,64.235969,99.511739,0.473135,0.091404,2081,2066,2081,0
Double ABC,10,52,17.712512,13.063479,0.303746,440.410256,55.051282,13.058493,0.004986,4.654019,51.435000,103.499293,0.521876,0.098387,2157,2147,2156,0
Double ABC,11,53,12.505478,7.931296,0.219964,340.102564,42.512821,7.929759,0.001537,4.575719,34.254971,104.499322,0.399704,0.082682,1683,1658,1683,0
Double ABC,12,54,13.667186,9.271171,0.249476,387.076923,48.384615,9.267356,0.003816,4.399830,37.068666,101.497095,0.442556,0.084491,1922,1887,1921,0
Double ABC,13,55,32.880740,28.419159,0.362944,564.102564,70.512821,28.415950,0.003210,4.464791,78.801638,103.166614,0.653676,0.127512,2797,2750,2797,0
Double ABC,14,56,18.485320,14.028017,0.232706,378.666667,47.333333,14.024656,0.003361,4.460664,60.410894,106.225692,0.429476,0.074081,1849,1846,1849,0
Double ABC,15,57,12.138457,7.862078,0.238914,385.435897,48.179487,7.860420,0.001658,4.278036,35.254078,99.255604,0.426484,0.084740,1945,1879,1927,0
Double ABC,16,58,23.539991,19.071097,0.332767,510.564103,63.820513,19.068163,0.002934,4.471828,66.127492,104.886653,0.599381,0.108712,2570,2489,2570,0
Double ABC,17,59,16.069374,11.579894,0.309713,469.948718,58.743590,11.575632,0.004262,4.493742,48.526696,102.773554,0.547405,0.112724,2330,2291,2330,0
Double ABC,18,60,20.709827,16.131223,0.305613,454.974359,56.871795,16.127851,0.003372,4.581976,52.291649,103.326052,0.535213,0.105963,2269,2218,2247,0
Double ABC,19,61,12.417571,8.022621,0.254228,411.282051,51.410256,8.020221,0.002400,4.397349,33.810951,102.567029,0.463592,0.095016,2055,2005,2031,0
Travel-distance Optimized,0,42,16.321287,10.577817,0.410094,374.769231,46.846154,10.524121,0.053696,5.797166,47.445676,99.901465,0.559275,0.085008,1935,1827,1862,0
Travel-distance Optimized,1,43,21.162324,15.736560,0.431677,429.743590,53.717949,15.705073,0.031487,5.457251,54.813097,102.029653,0.616100,0.097361,2168,2095,2167,0
Travel-distance Optimized,2,44,25.903962,20.620598,0.402188,392.205128,49.025641,20.587190,0.033408,5.316772,77.812650,97.305225,0.563723,0.090309,2080,1912,2026,0
Travel-distance Optimized,3,45,31.005806,25.511561,0.384801,369.025641,46.128205,25.450422,0.061139,5.555384,84.588808,97.557542,0.534533,0.085462,1858,1799,1857,0
Travel-distance Optimized,4,46,30.871475,25.306172,0.509376,492.102564,61.512821,25.255244,0.050929,5.616231,92.038161,99.512897,0.711193,0.109947,2524,2399,2455,0
Travel-distance Optimized,5,47,48.378930,43.061956,0.549081,558.974359,69.871795,43.017173,0.044783,5.361757,168.434090,95.987850,0.774086,0.125544,2764,2725,2764,0
Travel-distance Optimized,6,48,31.150045,25.725372,0.404615,391.589744,48.948718,25.682746,0.042626,5.467300,97.021764,97.780759,0.561504,0.087329,1983,1909,1966,0
Travel-distance Optimized,7,49,30.454643,24.863028,0.525761,488.410256,61.051282,24.810238,0.052790,5.644405,81.707752,97.952627,0.715898,0.109240,2455,2381,2445,0
Travel-distance Optimized,8,50,15.671638,10.429158,0.324461,337.025641,42.128205,10.395123,0.034035,5.276515,39.874337,95.254700,0.456573,0.074298,1663,1643,1661,0
Travel-distance Optimized,9,51,30.754755,25.406495,0.422586,423.794872,52.974359,25.369262,0.037233,5.385493,80.096496,94.915673,0.585700,0.093169,2081,2066,2081,0
Travel-distance Optimized,10,52,26.820012,21.200662,0.462925,438.564103,54.820513,21.158632,0.042029,5.661380,74.474914,99.131903,0.630964,0.096270,2157,2138,2141,0
Travel-distance Optimized,11,53,20.388000,14.740042,0.359533,340.102564,42.512821,14.696264,0.043778,5.691736,62.195056,98.884903,0.495836,0.080818,1683,1658,1683,0
Travel-distance Optimized,12,54,20.453860,15.068254,0.391994,387.076923,48.384615,15.014545,0.053709,5.439315,59.661583,96.210958,0.545532,0.082893,1922,1887,1921,0
Travel-distance Optimized,13,55,50.677290,45.203017,0.568111,548.717949,68.589744,45.147854,0.055163,5.529437,120.732218,97.555613,0.785545,0.124996,2797,2675,2717,0
Travel-distance Optimized,14,56,33.081232,27.424191,0.402013,378.666667,47.333333,27.364530,0.059662,5.716702,123.719630,102.347836,0.550490,0.074065,1849,1846,1849,0
Travel-distance Optimized,15,57,17.069985,11.882063,0.371878,385.435897,48.179487,11.840276,0.041787,5.229709,48.104286,95.062836,0.521477,0.084067,1945,1879,1925,0
Travel-distance Optimized,16,58,37.836906,32.357926,0.524887,510.564103,63.820513,32.307745,0.050181,5.529161,98.171930,101.015413,0.741391,0.109425,2570,2489,2569,0
Travel-distance Optimized,17,59,22.276332,16.916909,0.458985,469.333333,58.666667,16.878199,0.038710,5.398133,66.953225,97.578562,0.651000,0.110801,2330,2288,2316,0
Travel-distance Optimized,18,60,40.248996,34.742773,0.460088,445.948718,55.743590,34.687058,0.055715,5.561938,107.765790,96.761816,0.633387,0.101989,2269,2174,2190,0
Travel-distance Optimized,19,61,14.020382,8.836430,0.369860,402.051282,50.256410,8.804758,0.031672,5.215623,35.640278,98.744721,0.538541,0.093645,2055,1960,1986,0
Line-aware Slotting,0,42,6.456543,3.609911,0.009155,374.974359,46.871795,3.609911,0.000000,2.846632,18.051694,97.611044,0.275644,0.085379,1935,1828,1866,0
Line-aware Slotting,1,43,7.330680,4.483952,0.011791,429.948718,53.743590,4.483952,0.000000,2.846728,19.979581,99.186552,0.319002,0.098721,2168,2096,2168,0
Line-aware Slotting,2,44,6.583959,3.830419,0.009773,392.205128,49.025641,3.830419,0.000000,2.753539,16.753961,95.368798,0.296163,0.092277,2080,1912,2078,0
Line-aware Slotting,3,45,7.234881,4.473670,0.009515,369.025641,46.128205,4.473670,0.000000,2.761211,17.135198,94.284790,0.266998,0.085067,1858,1799,1858,0
Line-aware Slotting,4,46,9.788440,6.950001,0.013692,492.102564,61.512821,6.950001,0.000000,2.838438,29.590765,97.873370,0.369589,0.116784,2524,2399,2513,0
Line-aware Slotting,5,47,12.924731,10.186907,0.013654,558.974359,69.871795,10.186907,0.000000,2.737824,52.800552,93.613363,0.395539,0.126779,2764,2725,2764,0
Line-aware Slotting,6,48,10.643386,7.866056,0.008609,391.589744,48.948718,7.866056,0.000000,2.777330,35.450844,95.674975,0.285911,0.087973,1983,1909,1982,0
Line-aware Slotting,7,49,7.574107,4.764876,0.014716,488.615385,61.076923,4.764876,0.000000,2.809231,20.561307,95.533235,0.358170,0.110858,2455,2382,2455,0
Line-aware Slotting,8,50,6.072447,3.347615,0.008672,337.025641,42.128205,3.347615,0.000000,2.724832,15.072195,92.848592,0.236698,0.073652,1663,1643,1663,0
Line-aware Slotting,9,51,10.074370,7.399231,0.010523,423.794872,52.974359,7.399231,0.000000,2.675139,28.375009,90.939873,0.290391,0.089957,2081,2066,2081,0
Line-aware Slotting,10,52,8.329228,5.507791,0.010628,440.410256,55.051282,5.507791,0.000000,2.821436,23.924888,96.453715,0.317023,0.100118,2157,2147,2157,0
Line-aware Slotting,11,53,6.493566,3.658838,0.009131,340.102564,42.512821,3.658838,0.000000,2.834728,17.364642,95.946540,0.248076,0.080989,1683,1658,1683,0
Line-aware Slotting,12,54,6.531745,3.807877,0.009232,387.076923,48.384615,3.807877,0.000000,2.723867,16.382481,94.158887,0.274122,0.082547,1922,1887,1922,0
Line-aware Slotting,13,55,11.406737,8.619550,0.014092,564.102564,70.512821,8.619550,0.000000,2.787187,32.470522,95.519734,0.407148,0.124730,2797,2750,2797,0
Line-aware Slotting,14,56,7.437861,4.596154,0.007826,378.666667,47.333333,4.596154,0.000000,2.841707,20.371440,99.702785,0.273535,0.073067,1849,1846,1849,0
Line-aware Slotting,15,57,6.456289,3.803648,0.007145,385.435897,48.179487,3.803648,0.000000,2.652641,19.274794,92.057459,0.267415,0.083768,1945,1879,1940,0
Line-aware Slotting,16,58,10.387609,7.578341,0.013086,510.564103,63.820513,7.578341,0.000000,2.809268,31.707533,98.380448,0.375859,0.108543,2570,2489,2570,0
Line-aware Slotting,17,59,7.540252,4.768975,0.012031,469.948718,58.743590,4.768975,0.000000,2.771277,21.678631,94.881563,0.336994,0.111973,2330,2291,2330,0
Line-aware Slotting,18,60,8.765561,5.960749,0.012489,454.974359,56.871795,5.960749,0.000000,2.804812,23.367025,95.292935,0.328809,0.103739,2269,2218,2252,0
Line-aware Slotting,19,61,6.857296,4.065467,0.009722,416.205128,52.025641,4.065467,0.000000,2.791828,16.669865,96.794723,0.298909,0.096047,2055,2029,2055,0
